{"train/loss_rpn_cls": 0.05645224582403898, "train/loss_rpn_bbox": 0.11582941873930394, "train/loss_cls": 0.17953235656023026, "train/acc": 93.10546875, "train/loss_bbox": 0.1907581940293312, "train/loss": 0.5425722010433673, "train/grad_norm": 3.4561640560626983, "learning_rate": 0.005, "momentum": 0.9, "_timestamp": 1713862362.416981, "_runtime": 7388.42821598053, "_step": 24130, "_wandb": {"runtime": 7389}}